<?xml version="1.0" encoding="UTF-8"?>
<!DOCTYPE mapper PUBLIC "-//mybatis.org//DTD Mapper 3.0//EN"
    "http://mybatis.org/dtd/mybatis-3-mapper.dtd">
  <!-- namespace 表示命名空间  通常会设置成：包名+SQL映射文件名-->
 <mapper namespace="chapter06_jk1.com.mapper.CustomerMapper">
 	<sql id="customerColumns">
 		username,phone
 	</sql>
 	<!-- 定义表的前缀名 -->
 	<sql id="tablename">
 		${prefix}customer
 	</sql>
 	<!-- 定义要查询的表 -->
 	<sql id="someinclude">
 		from <include refid="${include_target}"/>
 	</sql>
 	<!-- 根据客户编号获取客户信息   id:是select元素在映射文件中的唯一标识  parameterType：指定传入的参数类型 resultType：指定结果返回类型-->
 	 <select id="findbyId" parameterType="Integer" resultType="customer">
 		<!-- #{}表示一个占位符，相当于？ -->
 		select 
 		<include refid="customerColumns"></include>
 		<include refid="someinclude">
 			<property name="prefix" value="t_"/>
 			<property name="include_target" value="tablename"/>
 		</include>
 		  where id=#{id}
 	</select>
 	<!-- 根据客户名模糊查询客户信息列表 -->
 	<select id="findByName" parameterType="String" resultType="customer">
 		<!-- select*from t_customer where username like '%${value}% -->
 		select username,phone from t_customer where username like concat('%',#{value},'%')
 	</select>
 	<!-- 添加客户信息 -->
 	<insert id="add" parameterType="customer" keyProperty="id" useGeneratedKeys="true">
 		insert into t_customer(username,jobs,phone) values(#{username},#{jobs},#{phone})
 	</insert>
 	<!-- 更新记录 -->
 	<update id="update" parameterType="customer">
 		update t_customer set username=#{username},jobs=#{jobs},phone=#{phone} where id=#{id}
 	</update>
 	<!-- 删除记录 -->
 	<delete id="delete" parameterType="Integer">
 		delete from t_customer where id=#{id}
 	</delete>
 </mapper>