<?xml version="1.0" encoding="UTF-8"?>
<!DOCTYPE mapper
  PUBLIC "-//mybatis.org//DTD Mapper 3.0//EN"
  "http://mybatis.org/dtd/mybatis-3-mapper.dtd">
<mapper namespace="com.mapper.UserMapper">
	<!-- 一对多：查看某一用户及其关联的订单信息  注意：当关联查询出的列名相同，则需要使用别名区分 -->
	<select id="findUserWithOrders" parameterType="Integer" resultMap="UserWithOrdersResult">
		select
			u.*,
			o.id as ordersId,
			o.number
		from
			tb_user u,tb_orders o
		where u.id = o.user_id and u.id=#{id}
	</select>
	<resultMap type="user" id="UserWithOrdersResult">
		<id property="id" column="id"/>
		<result property="username" column="username"/>
		<result property="address" column="address"/>
		<!-- 一对多关联映射:collection ofType表示属性集合中元素的类型 -->
		<collection property="ordersList" ofType="Orders">
			<id property="id" column="orders_id"/>
			<result property="number" column="number"/>
		</collection>
	</resultMap>
</mapper>