<?xml version="1.0" encoding="UTF-8"?>
<beans xmlns="http://www.springframework.org/schema/beans"
	xmlns:xsi="http://www.w3.org/2001/XMLSchema-instance"
	xsi:schemaLocation="http://www.springframework.org/schema/beans 
 	http://www.springframework.org/schema/beans/spring-beans-4.3.xsd">
 		<!-- 1 配置数据源 -->
 		<bean id="dataSource" class="org.springframework.jdbc.datasource.DriverManagerDataSource">
 			<!-- 数据库驱动 -->
 			<property name="driverClassName" value="com.mysql.jdbc.Driver"/>
 			<!-- 连接数据库的url -->
 			<property name="url" value="jdbc:mysql://localhost:3306/spring_2"/>
 			<!-- 数据库用户名 -->
 			<property name="username" value="root"/>
 			<!-- 数据库密码 -->
 			<property name="password" value="1234"/>
 		</bean>
 		<!-- 配置jdbc模板 -->
 		<bean id="jdbcTemplate" class="org.springframework.jdbc.core.JdbcTemplate">
 			<!-- 默认必须使用数据源 -->
 			<property name="dataSource" ref="dataSource"/>
 		</bean>
 		<!-- accountDao -->
 		<bean id="accountDao" class="chapter04_jk2.com.jdbc.AccountDaoImpl">
 			<!-- 将jdbcTemplate注入到accountDao实例中 -->
 			<property name="jdbcTemplate" ref="jdbcTemplate"/>
 		</bean>
 	</beans>