<?xml version="1.0" encoding="UTF-8"?>
<!DOCTYPE mapper
  PUBLIC "-//mybatis.org//DTD Mapper 3.0//EN"
  "http://mybatis.org/dtd/mybatis-3-mapper.dtd">
<!-- namespace命名空间    命名:包名+sql映射文件名-->
<mapper namespace="com.mapper.CustomerMapper">
	<!-- 定义查询列 -->
	<sql id="customerColumns">username,jobs</sql>
	<!-- 定义表前缀 -->
	<sql id="tablename">
		${prefix}customer
	</sql>
	<!-- 定义要查询的表 -->
	<sql id="someinclude">
		from <include refid="${include_target}"/>
	</sql>
	<!-- 根据客户编号查询客户信息 -->
	<select id="findById" parameterType="Integer" resultType="customer">
		select 
		<include refid="customerColumns"/>
		<include refid="someinclude">
			<property name="prefix" value="t_"/>
			<property name="include_target" value="tablename"/>
		</include>
		  where id= #{id}
	</select>
	<select id="findByName" parameterType="String" resultType="customer">
		<!-- select*from t_customer where username like '%${value}%' -->
		select <include refid="customerColumns"/> from t_customer where username like concat('%',#{value},'%')
	</select>
	<!-- 添加 -->
	<insert id="add" parameterType="com.po.Customer" keyProperty="id" useGeneratedKeys="true">
		insert into t_customer(username,jobs,phone) values(#{username},#{jobs},#{phone})
	</insert>
	<!-- 更新 -->
	<update id="update" parameterType="com.po.Customer">
		update t_customer set username=#{username},jobs=#{jobs},phone=#{phone} where id=#{id}
	</update>
	<!-- 删除 -->
	<delete id="del" parameterType="Integer">
		delete from t_customer where id =#{id}
	</delete>
	
</mapper>